{"cameraMode":{"drawMode":0,"name":"Shaded","section":"Shading Mode"},"sceneLighting":true,"audioPlay":false,"sceneViewState":{"showFog":true,"showMaterialUpdate":false,"showSkybox":true,"showFlares":true,"showImageEffects":true,"showParticleSystems":true},"in2DMode":false,"pivot":{"x":0.14267462491989137,"y":-0.2865865230560303,"z":-0.06620407104492188},"rotation":{"x":-0.11554834991693497,"y":-0.00685651833191514,"z":0.0007977592176757753,"w":-0.993277907371521},"size":16.324247360229493,"orthographic":false}